INSERT INTO PELANGGAN (Id_Pelanggan, Nama_Pelanggan, Alamat_Pelanggan, Id_Kecamatan, Id_Kelurahan, Tempat_lahir, Tgl_lahir, No_rekening, No_telp, Jenis_kelamin, Pekerjaan, Email, Pass, Keterangan)
VALUES ('IP001','Anniken','Surabaya No. 3A','IC001','IL016','Ambon','01/01/2001','127-92-54442','082330602071','Female','Guru','Anniken06@gmail.com','N5u18n','YA')

INSERT INTO PELANGGAN (Id_Pelanggan, Nama_Pelanggan, Alamat_Pelanggan, Id_Kecamatan, Id_Kelurahan, Tempat_lahir, Tgl_lahir, No_rekening, No_telp, Jenis_kelamin, Pekerjaan, Email, Pass, Keterangan)
VALUES ('IP002', 'Alfie', 'Raden Intan Kav. 14', 'IC002', 'IL041', 'Balikpapan', '02/02/2001', '738-33-70153', '083871576645', 'Male', 'Tentara','Alfie05@yahoo.co.id','qcjS4M','TIDAK' )

INSERT INTO PELANGGAN (Id_Pelanggan, Nama_Pelanggan, Alamat_Pelanggan, Id_Kecamatan, Id_Kelurahan, Tempat_lahir, Tgl_lahir, No_rekening, No_telp, Jenis_kelamin, Pekerjaan, Email, Pass, Keterangan)
VALUES ('IP003','Arandra','Cengger Ayam I/12','IC003','IL054','Banda Aceh','03/03/2001','086-90-71053','081286616893','Female','Dokter','Arandra07@0utlook.com','QpNF4g','YA')

INSERT INTO PELANGGAN (Id_Pelanggan, Nama_Pelanggan, Alamat_Pelanggan, Id_Kecamatan, Id_Kelurahan, Tempat_lahir, Tgl_lahir, No_rekening, No_telp, Jenis_kelamin, Pekerjaan, Email, Pass, Keterangan)
VALUES ('IP004','Brixton','Keben I','IC005','IL006','Bandar Lampung','04/04/2001','335-87-92069','083870239357','Male','Polisi','Brixton02@gmail.com','Y00ylB','TIDAK')

INSERT INTO PELANGGAN (Id_Pelanggan, Nama_Pelanggan, Alamat_Pelanggan, Id_Kecamatan, Id_Kelurahan, Tempat_lahir, Tgl_lahir, No_rekening, No_telp, Jenis_kelamin, Pekerjaan, Email, Pass, Keterangan)
VALUES ('IP005','Azucena','Mayjen Sungkono 59','IC004','IL011','Bandung','05/05/2001','123-10-9999','081219550857','Female','Pilot','Azucena04@yahoo.com','R7cD8v','YA')

INSERT INTO KECAMATAN (Id_Kecamatan, Nama_Kecamatan)
VALUES ('IC001', 'Klojen')
INSERT INTO KECAMATAN (Id_Kecamatan, Nama_Kecamatan)
VALUES ('IC002', 'Blimbing')
INSERT INTO KECAMATAN (Id_Kecamatan, Nama_Kecamatan)
VALUES ('IC003', 'Lowokwaru')
INSERT INTO KECAMATAN (Id_Kecamatan, Nama_Kecamatan)
VALUES ('IC004', 'Kedungkandang')
INSERT INTO KECAMATAN (Id_Kecamatan, Nama_Kecamatan)
VALUES ('IC005', 'Sukun')

INSERT INTO KELURAHAN (Id_Kelurahan, Nama_Kelurahan)
VALUES ('IL001', 'Arjosari')
INSERT INTO KELURAHAN (Id_Kelurahan, Nama_Kelurahan)
VALUES ('IL002', 'Arjowinangun')
INSERT INTO KELURAHAN (Id_Kelurahan, Nama_Kelurahan)
VALUES ('IL003', 'Bakalankrajan')
INSERT INTO KELURAHAN (Id_Kelurahan, Nama_Kelurahan)
VALUES ('IL004', 'Balearjosari')
INSERT INTO KELURAHAN (Id_Kelurahan, Nama_Kelurahan)
VALUES ('IL005', 'Bandulan')
INSERT INTO KELURAHAN (Id_Kelurahan, Nama_Kelurahan)
VALUES ('IL006', 'Bandungrejosari')
INSERT INTO KELURAHAN (Id_Kelurahan, Nama_Kelurahan)
VALUES ('IL007', 'Bareng')
INSERT INTO KELURAHAN (Id_Kelurahan, Nama_Kelurahan)
VALUES ('IL008', 'Blimbing')
INSERT INTO KELURAHAN (Id_Kelurahan, Nama_Kelurahan)
VALUES ('IL009', 'Bumiayu')
INSERT INTO KELURAHAN (Id_Kelurahan, Nama_Kelurahan)
VALUES ('IL010', 'Bunulrejo')
INSERT INTO KELURAHAN (Id_Kelurahan, Nama_Kelurahan)
VALUES ('IL011', 'Buring')
INSERT INTO KELURAHAN (Id_Kelurahan, Nama_Kelurahan)
VALUES ('IL012', 'Ciptomulyo')
INSERT INTO KELURAHAN (Id_Kelurahan, Nama_Kelurahan)
VALUES ('IL013', 'Cemorokandang')
INSERT INTO KELURAHAN (Id_Kelurahan, Nama_Kelurahan)
VALUES ('IL014', 'Dinoyo')
INSERT INTO KELURAHAN (Id_Kelurahan, Nama_Kelurahan)
VALUES ('IL015', 'Gadang')
INSERT INTO KELURAHAN (Id_Kelurahan, Nama_Kelurahan)
VALUES ('IL016', 'Gadingasri')
INSERT INTO KELURAHAN (Id_Kelurahan, Nama_Kelurahan)
VALUES ('IL017', 'Jatimulyo')
INSERT INTO KELURAHAN (Id_Kelurahan, Nama_Kelurahan)
VALUES ('IL018', 'Jodipan')
INSERT INTO KELURAHAN (Id_Kelurahan, Nama_Kelurahan)
VALUES ('IL019', 'Karangbesuki')
INSERT INTO KELURAHAN (Id_Kelurahan, Nama_Kelurahan)
VALUES ('IL020', 'Kasin')
INSERT INTO KELURAHAN (Id_Kelurahan, Nama_Kelurahan)
VALUES ('IL021', 'Kauman')
INSERT INTO KELURAHAN (Id_Kelurahan, Nama_Kelurahan)
VALUES ('IL022', 'Kebonsari')
INSERT INTO KELURAHAN (Id_Kelurahan, Nama_Kelurahan)
VALUES ('IL023', 'Kedungkandang')
INSERT INTO KELURAHAN (Id_Kelurahan, Nama_Kelurahan)
VALUES ('IL024', 'Kesatrian')
INSERT INTO KELURAHAN (Id_Kelurahan, Nama_Kelurahan)
VALUES ('IL025', 'Ketawanggede')
INSERT INTO KELURAHAN (Id_Kelurahan, Nama_Kelurahan)
VALUES ('IL026', 'Kiduldalem')
INSERT INTO KELURAHAN (Id_Kelurahan, Nama_Kelurahan)
VALUES ('IL027', 'Klojen')
INSERT INTO KELURAHAN (Id_Kelurahan, Nama_Kelurahan)
VALUES ('IL028', 'Kotalama')
INSERT INTO KELURAHAN (Id_Kelurahan, Nama_Kelurahan)
VALUES ('IL029', 'Lesanpuro')
INSERT INTO KELURAHAN (Id_Kelurahan, Nama_Kelurahan)
VALUES ('IL030', 'Lowokwaru')
INSERT INTO KELURAHAN (Id_Kelurahan, Nama_Kelurahan)
VALUES ('IL031', 'Madyopuro')
INSERT INTO KELURAHAN (Id_Kelurahan, Nama_Kelurahan)
VALUES ('IL032', 'Mergosono')
INSERT INTO KELURAHAN (Id_Kelurahan, Nama_Kelurahan)
VALUES ('IL033', 'Merjosari')
INSERT INTO KELURAHAN (Id_Kelurahan, Nama_Kelurahan)
VALUES ('IL034', 'Mojolangu')
INSERT INTO KELURAHAN (Id_Kelurahan, Nama_Kelurahan)
VALUES ('IL035', 'Mulyorejo')
INSERT INTO KELURAHAN (Id_Kelurahan, Nama_Kelurahan)
VALUES ('IL036', 'Oro-Oro Dowo')
INSERT INTO KELURAHAN (Id_Kelurahan, Nama_Kelurahan)
VALUES ('IL037', 'Pandanwangi')
INSERT INTO KELURAHAN (Id_Kelurahan, Nama_Kelurahan)
VALUES ('IL038', 'Penanggungan')
INSERT INTO KELURAHAN (Id_Kelurahan, Nama_Kelurahan)
VALUES ('IL039', 'Pisangcandi')
INSERT INTO KELURAHAN (Id_Kelurahan, Nama_Kelurahan)
VALUES ('IL040', 'Polehan')
INSERT INTO KELURAHAN (Id_Kelurahan, Nama_Kelurahan)
VALUES ('IL041', 'Polowijen')
INSERT INTO KELURAHAN (Id_Kelurahan, Nama_Kelurahan)
VALUES ('IL042', 'Purwantoro')
INSERT INTO KELURAHAN (Id_Kelurahan, Nama_Kelurahan)
VALUES ('IL043', 'Purwodadi')
INSERT INTO KELURAHAN (Id_Kelurahan, Nama_Kelurahan)
VALUES ('IL044', 'Rampal Celaket')
INSERT INTO KELURAHAN (Id_Kelurahan, Nama_Kelurahan)
VALUES ('IL045', 'Samaan')
INSERT INTO KELURAHAN (Id_Kelurahan, Nama_Kelurahan)
VALUES ('IL046', 'Sawojajar')
INSERT INTO KELURAHAN (Id_Kelurahan, Nama_Kelurahan)
VALUES ('IL047', 'Sukoharjo')
INSERT INTO KELURAHAN (Id_Kelurahan, Nama_Kelurahan)
VALUES ('IL048', 'Sukun')
INSERT INTO KELURAHAN (Id_Kelurahan, Nama_Kelurahan)
VALUES ('IL049', 'Sumbersari')
INSERT INTO KELURAHAN (Id_Kelurahan, Nama_Kelurahan)
VALUES ('IL050', 'Tanjungrejo')
INSERT INTO KELURAHAN (Id_Kelurahan, Nama_Kelurahan)
VALUES ('IL051', 'Tasikmadu')
INSERT INTO KELURAHAN (Id_Kelurahan, Nama_Kelurahan)
VALUES ('IL052', 'Tlogomas')
INSERT INTO KELURAHAN (Id_Kelurahan, Nama_Kelurahan)
VALUES ('IL053', 'Tlogowaru')
INSERT INTO KELURAHAN (Id_Kelurahan, Nama_Kelurahan)
VALUES ('IL054', 'Tulusrejo')
INSERT INTO KELURAHAN (Id_Kelurahan, Nama_Kelurahan)
VALUES ('IL055', 'Tunggulwulung')
INSERT INTO KELURAHAN (Id_Kelurahan, Nama_Kelurahan)
VALUES ('IL056', 'Tunjungsekar')
INSERT INTO KELURAHAN (Id_Kelurahan, Nama_Kelurahan)
VALUES ('IL057', 'Wonokoyo')

INSERT INTO KARYAWAN (Id_Karyawan, Nama_Karyawan, Alamat_Karyawan, No_telp, Jenis_kelamin, Email, Pass)
VALUES ('IK006', 'Elijah','Surabaya 20','083870815121','Male','Elijah01@gmail.com','gh7OH3')
INSERT INTO KARYAWAN (Id_Karyawan, Nama_Karyawan, Alamat_Karyawan, No_telp, Jenis_kelamin, Email, Pass)
VALUES ('IK007','Callum','Raden Intan Kav. 19','085282470182','Male','Callum09@yahoo.com','PmfB83')
INSERT INTO KARYAWAN (Id_Karyawan, Nama_Karyawan, Alamat_Karyawan, No_telp, Jenis_kelamin, Email, Pass)
VALUES ('IK008','Calianda','Kebun Jeruk Street no 140','082347126017','Female','Calianda10@yahoo.co.id','7qWADu' )
INSERT INTO KARYAWAN (Id_Karyawan, Nama_Karyawan, Alamat_Karyawan, No_telp, Jenis_kelamin, Email, Pass)
VALUES ('IK009','Finley','Jl. Keben I','082143233069','Male','Finley08@outlook.com','a8Lo76')
INSERT INTO KARYAWAN (Id_Karyawan, Nama_Karyawan, Alamat_Karyawan, No_telp, Jenis_kelamin, Email, Pass)
VALUES ('IK010', 'Chariz','Jl. Mayjen Sungkono 59','08113821497','Female','Chariz03@gmail.com','oFDo5r' )

INSERT INTO PICKUP (Id_Pelanggan, Id_Sampah, Id_Karyawan, Id_Pickup)
VALUES ('IP001','IS072','IK006', 'IU017')
INSERT INTO PICKUP (Id_Pelanggan, Id_Sampah, Id_Karyawan, Id_Pickup)
VALUES ('IP002','IS077','IK007', 'IU014')
INSERT INTO PICKUP (Id_Pelanggan, Id_Sampah, Id_Karyawan, Id_Pickup)
VALUES ('IP003','IS053','IK008', 'IU007')
INSERT INTO PICKUP (Id_Pelanggan, Id_Sampah, Id_Karyawan, Id_Pickup)
VALUES ('IP004','IS037','IK009', 'IU018')
INSERT INTO PICKUP (Id_Pelanggan, Id_Sampah, Id_Karyawan, Id_Pickup)
VALUES ('IP005','IS013','IK010', 'IU012')

INSERT INTO Detail_Pickup (Id_Pickup, Tgl_Pickup, Total_Berat, Waktu)
VALUES ('IU017','2012/12/20','56kg','04:26')
INSERT INTO Detail_Pickup (Id_Pickup, Tgl_Pickup, Total_Berat, Waktu)
VALUES ('IU014','2012/12/09','66kg','12:03')
INSERT INTO Detail_Pickup (Id_Pickup, Tgl_Pickup, Total_Berat, Waktu)
VALUES ('IU007','2012/12/11','61kg','15:29')
INSERT INTO Detail_Pickup (Id_Pickup, Tgl_Pickup, Total_Berat, Waktu)
VALUES ('IU018','2012/12/31','82kg','18:17')
INSERT INTO Detail_Pickup (Id_Pickup, Tgl_Pickup, Total_Berat, Waktu)
VALUES ('IU012','2012/12/13','13kg','19:32')

INSERT INTO SAMPAH (Id_Sampah,Jenis_Sampah, Harga_Sampah)
VALUES ('IS072','Organik','5000')
INSERT INTO SAMPAH (Id_Sampah,Jenis_Sampah, Harga_Sampah)
VALUES ('IS077','Anorganik','10000')
INSERT INTO SAMPAH (Id_Sampah,Jenis_Sampah, Harga_Sampah)
VALUES ('IS053','Berbahaya','15000')
INSERT INTO SAMPAH (Id_Sampah,Jenis_Sampah, Harga_Sampah)
VALUES ('IS037','Organik','5000')
INSERT INTO SAMPAH (Id_Sampah,Jenis_Sampah, Harga_Sampah)
VALUES ('IS013','Berbahaya','15000')

INSERT INTO PENGEPUL (Id_Pengepul, Id_Sampah, Alamat_Pengepul, Id_Karyawan)
VALUES ('PG003','IS072','Danau Sentani Utara XI/H-317','IK006')
INSERT INTO PENGEPUL (Id_Pengepul, Id_Sampah, Alamat_Pengepul, Id_Karyawan)
VALUES ('PG004','IS077','D. Sentani Utara H3 423', 'IK007')
INSERT INTO PENGEPUL (Id_Pengepul, Id_Sampah, Alamat_Pengepul, Id_Karyawan)
VALUES ('PG002','IS053','Maninjau Raya No. 85','IK008')
INSERT INTO PENGEPUL (Id_Pengepul, Id_Sampah, Alamat_Pengepul, Id_Karyawan)
VALUES ('PG005','IS037','Simpang Danau Maninjau Tengah','IK009')
INSERT INTO PENGEPUL (Id_Pengepul, Id_Sampah, Alamat_Pengepul, Id_Karyawan)
VALUES ('PG001','IS013','Maninjau Barat IV B357','IK010')

INSERT INTO PEMILAH (Id_Pemilah, Id_Karyawan, Id_Sampah, Biaya_Pemilah, Berat_Sampah)
VALUES ('PM001','IK006','IS072','20950','66kg')
INSERT INTO PEMILAH (Id_Pemilah, Id_Karyawan, Id_Sampah, Biaya_Pemilah, Berat_Sampah)
VALUES ('PM006','IK008','IS053','20950','35kg')
INSERT INTO PEMILAH (Id_Pemilah, Id_Karyawan, Id_Sampah, Biaya_Pemilah, Berat_Sampah)
VALUES ('PM007','IK010','IS013','20950','2kg')

INSERT INTO PENGOLAH_SAMPAH (Id_Pengolah, Id_Karyawan, Id_Sampah, Biaya_Pemilah, Berat_Sampah)
VALUES ('PS009','IK006','IS072','20950','55kg')
INSERT INTO PENGOLAH_SAMPAH (Id_Pengolah, Id_Karyawan, Id_Sampah, Biaya_Pemilah, Berat_Sampah)
VALUES ('PS010','IK007','IS077','20950','66kg')
INSERT INTO PENGOLAH_SAMPAH (Id_Pengolah, Id_Karyawan, Id_Sampah, Biaya_Pemilah, Berat_Sampah)
VALUES ('PS002','IK008','IS053','20950','35kg')
INSERT INTO PENGOLAH_SAMPAH (Id_Pengolah, Id_Karyawan, Id_Sampah, Biaya_Pemilah, Berat_Sampah)
VALUES ('PS003','IK009','IS037','20950','40kg')
INSERT INTO PENGOLAH_SAMPAH (Id_Pengolah, Id_Karyawan, Id_Sampah, Biaya_Pemilah, Berat_Sampah)
VALUES ('PS022','IK010','IS013','20950','2kg')

INSERT INTO TRANSAKSI (Id_Transaksi, Id_Pickup, Total_Harga)
VALUES('TS010','IU017','280000')
INSERT INTO TRANSAKSI (Id_Transaksi, Id_Pickup, Total_Harga)
VALUES('TS011','IU014','660000')
INSERT INTO TRANSAKSI (Id_Transaksi, Id_Pickup, Total_Harga)
VALUES('TS012','IU007','915000')
INSERT INTO TRANSAKSI (Id_Transaksi, Id_Pickup, Total_Harga)
VALUES('TS013','IU018','410000')
INSERT INTO TRANSAKSI (Id_Transaksi, Id_Pickup, Total_Harga)
VALUES('TS014','IU012','195000')

INSERT INTO DETAIL_TRANSAKSI (Id_Transaksi, Tgl_Transaksi, PaymentType)
VALUES ('TS010','2012/12/23','DANA')
INSERT INTO DETAIL_TRANSAKSI (Id_Transaksi, Tgl_Transaksi, PaymentType)
VALUES ('TS011','2012/12/24','OVO')
INSERT INTO DETAIL_TRANSAKSI (Id_Transaksi, Tgl_Transaksi, PaymentType)
VALUES ('TS012','2012/12/24','Tunai')
INSERT INTO DETAIL_TRANSAKSI (Id_Transaksi, Tgl_Transaksi, PaymentType)
VALUES ('TS013','2012/12/25','Transfer Bank')
INSERT INTO DETAIL_TRANSAKSI (Id_Transaksi, Tgl_Transaksi, PaymentType)
VALUES ('TS014','2012/12/25','gopay')